SYMBOL,SYMBOL P/E,ADJUSTED P/E
THERMAX,68.31,73.71
WHEELS,37.51,37.51
RIIL,85.35,85.35
PREMIERPOL,27.81,27.81
RAYMOND,123.18,29.08
RSWM,15.73,14.00
SHREDIGCEM,54.71,54.71
SESHAPAPER,15.43,15.43
SMLMAH,60.28,60.28
SUNDRMFAST,39.95,39.33
EXIDEIND,37.37,37.10
ELECON,45.70,43.43
CRISIL,38.46,38.46
LMW,103.69,99.02
NELCO,541.76,202.25
MASTEK,11.55,11.11
MAHSCOOTER,52.54,52.54
LUMAXIND,28.32,26.61
TRENT,77.16,76.34
KECL,106.89,52.62
CUMMINSIND,56.85,55.22
KCP,8.37,8.05
JAYBARMARU,9.59,9.28
INFY,13.43,13.04
INDIAGLYCO,6.30,6.29
IONEXCHANG,63.40,56.38
IFBIND,30.66,28.80
IGPL,21.93,21.93
HIMATSEIDE,14.83,14.83
GNFC,8.79,8.79
GFLLIMITED,10.15,10.15
BPCL,7.65,8.46
BHARATFORG,133.63,427.28
BASF,23.53,23.53
FORCEMOT,17.80,20.25
ATUL,21.75,21.79
ARVIND,34.39,32.42
ACC,11.94,12.00
TMPV,1.31,1.23
SCI,7.83,7.83
MRPL,9.47,10.78
LINDEINDIA,96.64,96.64
HINDPETRO,43.60,43.60
ESCORTS,22.17,21.53
RELINFRA,0.34,0.46
BAJAJHLDNG,13.37,13.37
ASHOKLEY,24.44,22.83
ZUARIIND,7.76,7.44
VOLTAS,84.98,81.36
TITAN,74.28,73.32
TATASTEEL,20.65,19.21
SUNDARMFIN,22.29,21.72
SPIC,6.23,6.23
VEDL,3.55,3.36
SBIN,10.30,10.58
RELIANCE,18.38,18.38
PFIZER,24.69,23.61
NOCIL,44.24,42.05
BOSCHLTD,58.69,58.69
DRREDDY,32.02,32.02
BATAINDIA,54.92,78.74
DEEPAKFERT,17.31,17.31
CHAMBLFERT,8.70,8.70
CARBORUNIV,126.61,51.38
MAHSEAMLES,12.99,12.96
HINDOILEXP,91.15,91.15
DICIND,20.22,18.92
COROMANDEL,31.51,30.79
BALMLAWRIE,10.80,10.80
VINDHYATEL,12.98,12.98
MOTOGENFIN,0.67,52.34
MARALOVER,11.30,11.00
ASIANPAINT,47.99,46.90
RAMCOCEM,31.07,167.91
INDIACEM,104.67,67.44
PGHL,25.11,26.94
BEML,93.11,93.11
ADOR,24.70,24.30
CENTENKA,8.21,8.13
TORNTPHARM,85.90,83.01
VTL,18.20,18.20
SUNDROP,99.83,99.83
FEDERALBNK,17.17,17.17
EPL,19.15,18.06
VLSFINANCE,15.99,15.99
SUPREMEIND,43.06,43.06
SRF,34.16,33.20
BIRLACABLE,22.80,22.80
BALRAMCHIN,38.82,38.82
AEGISLOG,31.10,31.10
WEIZMANIND,18.34,18.34
UNICHEMLAB,12.39,37.04
BBOX,61.54,48.28
HONAUT,54.31,53.52
JTEKTINDIA,44.59,41.93
SAURASHCEM,88.73,39.59
RANEHOLDIN,17.73,18.75
PRECOT,14.49,14.49
TATAELXSI,30.37,28.20
SUNPHARMA,36.39,34.85
KOHINOOR,1.31,
SANDESH,7.25,7.13
HCC,32.45,37.45
BAJAJHIND,42.35,37.81
APOLLOHOSP,58.65,58.25
ARE&M,15.38,19.42
ADANIENT,51.00,98.07
IVP,7.51,7.44
BALKRISIND,29.62,29.62
INDBANK,15.43,15.43
GINNIFILA,9.75,9.75
EICHERMOT,34.30,34.05
GVT&D,82.46,79.70
NEULANDLAB,55.26,55.26
ONGC,6.46,6.42
ITI,73.01,
ZENSARTECH,12.80,12.49
TAINWALCHM,24.15,24.05
BERGEPAINT,43.35,42.96
BANARISUG,34.85,34.85
JINDALPOLY,,58.74
KPIL,20.82,21.20
JYOTISTRUC,16.24,16.24
IGARASHI,79.86,79.86
BSL,33.57,33.57
BLUEDART,39.26,34.77
JAYNECOIND,15.15,14.88
MUNJALSHOW,20.03,18.78
APCOTEXIND,18.85,18.90
SOTL,11.58,11.58
HSCL,42.04,42.04
RCF,13.58,14.72
RANASUG,37.38,
KARURVYSYA,11.30,11.30
DECCANCE,130.13,
WSI,159.52,167.26
UFLEX,6.80,6.71
TATAPOWER,22.00,21.82
ADVANIHOTR,19.43,18.86
THOMASCOOK,22.82,22.27
SUNFLAG,39.33,38.07
SUBROS,27.46,26.58
SPMLINFRA,16.07,16.07
SIMPLEXINF,41.29,41.93
SIEMENS,39.39,39.39
BHARATRAS,12.43,12.14
WIPRO,12.05,12.05
VSTIND,12.44,12.44
JUBLPHARMA,48.07,42.74
UNIVCABLES,22.79,22.79
TATACOMM,50.39,45.76
TOKYOPLAST,200.70,200.70
SOMANYCERA,25.19,24.55
MURUDCERA,17.59,17.59
IFCI,43.94,42.64
HLVLTD,88.04,53.84
SANOFI,22.07,20.85
M&M,18.40,18.21
LIBERTSHOE,45.10,45.25
KAJARIACER,34.13,32.35
KABRAEXTRU,5949.31,4032.43
HEIDELBERG,25.62,24.51
MODTHREAD,9.19,9.19
MODIRUBBER,37406.23,37406.23
MANGLMCEM,23.97,21.75
PRSMJOHNSN,39.09,155.97
POLYPLEX,12.28,12.28
PIDILITIND,57.21,57.21
PCBL,50.55,53.46
3PLAND,24.45,24.45
EIHAHOTELS,20.11,19.69
HONDAPOWER,28.69,25.84
JINDALSAW,29.40,29.40
SAIL,17.81,15.86
RUBYMILLS,39.52,39.52
STYRENIX,13.13,13.06
ABB,49.45,49.45
IDBI,9.74,9.74
GRAPHITE,74.69,74.04
CANFINHOME,8.69,8.69
BRITANNIA,45.35,45.35
BBL,21.35,21.35
ELECTCAST,37.04,30.32
DHAMPURSUG,15.73,15.73
DCMSHRIRAM,10.26,10.84
DABUR,35.15,34.94
COSMOFIRST,13.26,12.83
CIPLA,33.31,31.21
HEROMOTOCO,19.66,19.33
HDFCBANK,14.03,13.84
HARRMALAYA,11.43,11.43
GMBREW,13.09,13.09
GIPCL,5.62,5.62
ITC,16.46,16.51
INDIANHUME,12.93,19.73
HINDCOMPOS,17.32,16.56
IOC,5.27,5.27
OSWALGREEN,,13.28
HUHTAMAKI,12.97,12.97
RICOAUTO,53.31,44.53
KAMATHOTEL,15.62,20.28
IFBAGRO,13.25,13.25
BANCOINDIA,17.19,17.64
MANINDS,35.00,35.00
APOLLOTYRE,14.48,13.13
SIYSIL,10.20,10.20
SHANTIGEAR,76.13,72.17
PRECWIRE,50.31,50.31
ONWARDTEC,14.83,14.08
NILKAMAL,22.87,21.28
NCC,10.93,10.56
ICIL,57.78,57.78
SEAMECLTD,16.53,16.53
ELGIEQUIP,42.37,40.91
AUROPHARMA,26.32,25.83
BBTC,3.82,3.97
EIHOTEL,24.91,24.39
KANORICHEM,5.77,5.77
LICHSGFIN,5.41,5.41
GICHSGFIN,4.64,4.64
BEPL,15.61,15.61
RAIN,10.87,10.87
BANARBEADS,41.06,41.06
MOREPENLAB,47.07,56.37
WSTCSTPAPR,20.11,20.11
VENKEYS,13.63,13.63
GHCL,7.28,7.90
S&SPOWER,47.49,47.49
PRUDMOULI,5.86,5.86
PRAJIND,190.42,59.10
PGHH,28.28,28.28
VESUVIUS,32.74,32.74
TFCILTD,41.96,41.96
BOMDYEING,109.86,104.70
GTL,0.12,
NAVNETEDUL,8.57,48.72
GUJALKALI,67.10,67.10
AGI,14.38,14.23
GLAXO,45.94,46.60
TATACONSUM,57.85,57.36
ZEEL,36.39,35.17
CHOLAFIN,24.28,24.28
INDHOTEL,43.84,48.20
FMGOETZE,14.32,13.47
KOTAKBANK,19.68,19.94
ORIENTHOT,37.01,36.64
GILLETTE,33.78,33.78
GOLDENTOBC,6.24,7.08
KANSAINER,24.38,22.66
FOSECOIND,46.74,41.89
ESABINDIA,38.28,41.31
3MINDIA,65.16,85.79
ANDHRAPAP,52.27,52.27
GABRIEL,80.16,77.44
SCHAEFFLER,49.32,49.32
AARTIIND,32.58,33.13
RALLIS,18.12,
AMJLAND,10.34,10.34
PRAKASH,6.62,6.62
MFSL,362.70,362.70
KSB,56.80,53.29
KOPRAN,53.77,53.77
HEGAM,22.06,22.06
GREAVESCOT,260.54,296.09
GODFRYPHLP,22.02,22.02
VARDMNPOLY,0.88,30.73
SURYAROSNI,15.36,15.36
TATAINVEST,75.67,75.67
GLFL,536.11,536.11
TIMKEN,56.69,56.69
SUDARSCHEM,107.07,71.25
SHREECEM,48.89,48.89
SAKHTISUG,7.99,7.99
IPCALAB,35.41,33.85
INGERRAND,50.14,48.83
JSWDULUX,7.36,40.52
HINDALCO,13.10,10.59
HINDZINC,14.19,14.20
HINDUNILVR,29.76,29.50
GSFC,8.80,8.80
GRASIM,18.84,18.47
AMBUJACEM,17.93,15.46
FINPIPE,15.29,15.29
FINCABLES,26.91,33.26
EIDPARRY,10.24,6.01
DCW,19.37,19.37
DCM,114.98,114.98
CGPOWER,109.89,107.76
SUDARCOLOR,18.73,13.49
CESC,11.10,11.10
BIRLACORPN,11.67,11.55
BHEL,58.96,58.96
BHARATGEAR,10.21,10.21
BEL,45.84,45.84
BAJFINANCE,29.70,29.44
ASHAPURMIN,11.69,11.56
PVP,1261.82,102.81
NAVA,15.94,15.94
UNIVAFOODS,193.97,193.97
CORALFINAC,8.80,8.80
GREENPLY,35.32,30.82
TNPL,3.92,3.92
AUTOAXLES,14.65,13.97
REMSONSIND,23.81,22.99
DALMIASUG,16.51,16.51
NATCOPHARM,12.96,12.96
KHAITANLTD,10.06,10.06
SWARAJENG,21.38,21.12
MRF,21.67,21.27
GARFIBRES,35.91,34.23
ANDHRSUGAR,11.81,11.00
TNPETRO,7.90,8.27
TTKPRESTIG,37.04,34.55
STARPAPER,7.64,7.64
SKFINDIA,35.65,32.11
AUSOMENT,7.90,7.90
EIMCOELECO,33.04,33.04
JAYAGROGN,12.70,12.70
CUBEXTUB,31.80,31.80
MARICO,54.17,54.17
SILINV,9.32,9.32
BIOFILCHEM,105.93,105.93
KEYFINSERV,21.92,21.26
ZENITHEXPO,377.74,377.74
SUNDRMBRAK,76.77,70.29
SANGAMIND,26.02,24.80
MOTHERSON,37.62,36.08
SOMATEX,29.66,71.74
VISAKAIND,8.77,11.10
AARTIDRUGS,20.52,20.36
STERTOOLS,31.09,57.40
CREST,29.20,29.20
INDIANCARD,18.82,16.28
HITECHGEAR,61.86,61.86
WENDT,99.81,99.81
DENORA,32.12,32.12
TVSSRICHAK,37.27,33.52
SHRIRAMFIN,20.30,20.30
PUNJABCHEM,19.77,19.29
DYNAMATECH,210.31,158.75
GUJAPOLLO,78.98,78.98
GANESHHOU,22.60,22.60
MMFL,17.24,25.72
JAGSNPHARM,34.96,33.81
ALKYLAMINE,40.88,40.88
BOSCH-HCIL,1049.44,244.22
MPHASIS,22.36,22.07
SKIL,0.46,0.45
GUJRAFFIA,18.53,18.53
RUCHINFRA,19.96,19.74
RAMCOIND,8.25,8.58
KOTHARIPET,10.70,10.67
HERITGFOOD,27.74,29.49
INDRAMEDCO,17.55,17.55
BANKBARODA,6.53,5.33
MADRASFERT,13.44,12.22
GAIL,11.49,11.49
INDNIPPON,25.39,28.27
SKMEGGPROD,9.99,9.99
BANKINDIA,5.02,5.02
CONCOR,27.48,27.48
ICICIBANK,16.66,16.66
KCPSUGIND,8.68,8.68
HUDCO,7.93,7.93
INDSWFTLAB,61.91,54.71
SAREGAMA,42.70,41.55
FDC,19.12,18.17
ENGINERSIN,22.50,22.50
ADROITINFO,20.52,20.52
JAICORPLTD,17.36,17.18
ANTGRAPHIC,9.87,9.87
GMDCLTD,17.37,28.84
INDUSINDBK,53.60,53.60
ASAHIINDIA,54.17,52.87
TRIGYN,16.22,14.51
J&KBANK,6.80,6.80
KOTHARIPRO,10.73,15.43
CUB,15.25,15.25
SOUTHBANK,8.43,8.43
ASTRAZEN,92.56,90.66
CEMPRO,34.97,34.97
AXISBANK,13.56,13.56
CYIENT,27.37,25.33
SONATSOFTW,16.59,15.19
NOIDATOLL,2.34,2.34
CYBERTECH,12.97,12.97
KOKUYOCMLN,33.98,33.98
DHANBANK,9.65,9.65
SANGHVIMOV,19.30,18.68
STCINDIA,16.46,17.62
MANUGRAPH,10.25,
VIPCLOTHNG,20.01,20.01
NATIONALUM,9.50,9.50
IVC,42.49,49.81
JINDALSTEL,42.92,29.31
ALEMBICLTD,8.56,8.56
ICDSLTD,108.26,108.26
BSOFT,13.24,12.72
HCLTECH,19.50,18.73
ACCELYA,17.21,16.27
STAR,16.73,17.79
ZYDUSLIFE,26.39,24.37
GLENMARK,36.51,21.42
RAJESHEXPO,14.31,14.31
CINEVISTA,13.00,13.00
SHREERAMA,22.73,22.73
WOCKPHARMA,85.86,88.49
NRBBEARING,34.85,34.40
IOB,10.26,10.26
RAMCOSYS,51.07,18.29
GVPIL,16.12,14.69
BIL,52.40,52.40
KTKBANK,8.47,8.47
MAHLIFE,23.30,25.12
MUKTAARTS,,18.84
BLBLIMITED,3.32,3.32
AJANTPHARM,38.82,38.82
BLUESTARCO,63.64,61.41
CALSOFT,8.28,8.28
TVSMOTOR,54.02,53.53
PNBGILTS,12.90,13.18
PNC,,6.74
TAJGVK,4.65,12.89
NLCINDIA,10.57,10.57
REPRO,4.89,
CHENNPETRO,5.02,5.02
TTML,188.51,
KRBL,11.56,11.56
HAVELLS,41.74,40.90
GAEL,17.69,17.56
USHAMART,30.50,29.72
AXISCADES,219.35,187.90
UMIYA-MRO,21.25,21.25
TIPSMUSIC,39.16,39.16
STLTECH,174.60,181.76
HIKAL,,47.90
TRIDENT,29.56,29.56
MARKSANS,28.82,28.82
SMARTLINK,12.55,12.55
GODREJCP,46.42,42.57
LUPIN,16.99,15.67
UNITDSPR,54.67,51.48
TCI,14.43,14.43
MPSLTD,23.90,24.55
BHARTIARTL,30.36,28.06
ASAL,22.83,22.03
OLECTRA,53.48,54.57
PONNIERODE,6.78,11.43
PNB,5.86,5.86
APTECHT,21.42,20.17
SURANAT&P,7.07,7.07
TEAMGTY,192.71,192.71
OFSS,27.56,27.56
UNIONBANK,6.35,6.35
NUCLEUS,16.52,15.24
CANBK,5.51,5.51
GENESYS,60.65,56.07
OMAXAUTO,10.58,10.58
GODREJIND,16.40,16.06
DIVISLAB,86.67,85.10
RADICO,85.29,84.42
INDORAMA,16.33,16.06
MARUTI,26.34,26.34
VARDHACRLC,8.44,8.44
UCOBANK,10.39,10.39
BAGFILMS,14.37,14.37
JSL,18.98,18.72
NSIL,48.14,48.14
WELSPUNLIV,75.25,73.52
JAIBALAJI,40.06,39.16
IGL,14.84,14.84
DREDGECORP,67.01,67.01
TVTODAY,36.53,0.86
UNIENTER,30.58,30.58
UPL,19.97,19.23
SIL,1.73,1.73
MUKANDLTD,3.91,3.91
PETRONET,10.33,10.33
PTC,7.81,7.77
VAIBHAVGBL,11.76,11.77
BIOCON,146.73,60.63
MAHABANK,8.25,8.25
POONAWALLA,49.81,49.81
XPROINDIA,82.05,82.05
RKFORGE,119.83,104.81
DATAMATICS,21.36,18.15
CCL,31.85,31.85
EXCELINDUS,16.61,16.61
LT,26.41,24.81
APARINDS,61.18,59.96
AMBICAAGAR,12.51,12.51
CENTEXT,16.12,15.55
NIITLTD,128.62,67.57
ULTRACEMCO,37.90,37.50
TCS,14.97,13.88
COFORGE,40.91,37.40
TEXINFRA,158.29,158.29
GULFPETRO,7.67,7.27
GUFICBIO,57.39,57.39
ASTRAMICRO,79.86,79.86
WELENT,29.81,27.74
NTPC,10.99,10.99
SALSTEEL,108.44,
KOTARISUG,40.75,
JBMA,55.51,54.12
DWARKESH,55.46,55.46
INDOCO,741.59,
SUPRAJIT,35.51,35.31
PATELENG,9.31,5.96
XCHANGING,11.00,11.00
JSWSTEEL,11.04,25.55
CONSOFINVT,16.39,16.39
JPPOWER,16.58,12.74
EVEREADY,13.12,
GOKEX,47.82,47.82
SAKSOFT,14.44,14.05
ALLDIGI,13.84,12.77
IIFL,11.32,11.32
WELCORP,31.16,31.16
SSWL,28.77,28.77
CYBERMEDIA,8.98,9.32
SHAHALLOYS,4.24,
SURYALAXMI,26.51,27.92
JKPAPER,21.79,21.12
PRIMESECU,220.07,60.44
GRANULES,31.85,32.53
JSWHL,89.09,87.96
VHL,4.21,4.21
GEOJITFSL,29.24,27.15
GENUSPOWER,13.73,13.73
YESBANK,17.61,17.61
MSPL,49.32,13.40
SPLIL,10.46,10.46
MCLEODRUSS,,8.48
SEMAC,11.71,11.71
GOLDIAM,22.31,22.31
RML,30.78,30.16
HTMEDIA,72.62,7.06
SASKEN,34.91,32.56
FCSSOFT,85.02,54.47
IMPAL,17.05,17.05
SUZLON,17.34,17.73
AURIONPRO,17.22,16.88
BASML,8.36,8.36
TRIVENI,19.47,18.92
AIAENG,28.34,28.29
NAHARINDUS,7.63,7.53
ORIENTCER,21.00,19.94
EKC,9.59,9.03
VIMTALABS,32.85,32.38
KERNEX,15.10,15.10
PVRINOX,27.11,24.34
NITINSPIN,15.83,15.83
ROHLTD,28.35,29.40
ENIL,,277.87
JAGRAN,7.53,7.53
SADBHAV,1.14,3.30
SAKUMA,23.64,23.64
KEC,18.78,17.26
JKCEMENT,41.12,39.70
INDOTECH,33.51,33.51
M&MFIN,14.15,13.71
BLKASHYAP,1670.05,28.71
VISACHROME,0.47,
CENTURYPLY,50.51,49.58
KEI,43.31,43.31
VAKRANGEE,55.80,55.89
SOLARINDS,84.50,84.48
GALLANTT,29.70,29.70
UTTAMSUGAR,12.87,12.71
KKCL,17.72,17.72
SUNTV,13.39,12.96
GPIL,18.79,18.47
RSYSTEMS,16.92,15.48
EMKAY,40.49,40.49
LOKESHMACH,160.95,160.95
BALPHARMA,23.01,23.01
SWELECTES,20.30,19.50
KAMDHENU,12.84,12.84
RATNAMANI,37.45,36.91
JKLAKSHMI,16.57,15.84
PFOCUS,169.07,102.48
ALLCARGO,50.64,41.73
MUNJALAU,19.30,18.91
EMAMILTD,22.63,22.36
GMRAIRPORT,132.08,111.75
TECHM,29.28,28.25
GRINDWELL,48.53,48.53
VOLTAMP,47.95,47.95
ANTELOPUS,30.83,28.92
ACE,33.06,33.06
ANANTRAJ,37.70,37.70
BILVYAPAR,33.55,32.39
TALBROAUTO,24.15,24.15
ALICON,32.17,31.68
GEECEE,16.38,16.71
MBECL,0.42,
JMFINANCIL,10.79,10.63
FIEMIND,19.28,19.28
DCBBANK,8.49,8.49
INSPIRISYS,8.66,8.23
GTLINFRA,1.29,
NAUKRI,42.57,46.29
GESHIP,5.84,5.84
TORNTPOWER,26.09,26.09
MANALIPETC,7.84,11.99
LTFOODS,22.15,22.15
DONEAR,9.24,9.24
RUCHIRA,9.58,9.58
SOBHA,56.50,56.50
VENUSREM,18.75,18.75
JINDRILL,9.44,9.27
HIRECT,129.34,133.12
NFL,8.86,8.86
PLASTIBLEN,12.16,12.16
PARACABLES,30.25,30.26
HBLENGINE,40.57,40.18
TANLA,12.38,12.38
AVTNPL,15.74,15.74
ZEEMEDIA,,140.99
VEEDOL,10.81,10.81
LUMAXTECH,36.28,35.36
SARLAPOLY,476.91,11.79
PTL,10.98,10.98
WANBURY,13.91,13.10
AUTOIND,9.31,15.24
GANDHITUBE,15.50,15.34
PITTIENG,34.40,34.40
NETWORK18,,4795.18
UNOMINDA,52.50,51.68
IZMO,24.34,24.34
HUBTOWN,22.11,22.11
CTE,11.66,11.66
TIIL,19.06,19.06
ORIENTBELL,27.64,26.43
PGIL,39.43,39.03
REDINGTON,21.03,19.74
TTL,411.26,411.26
FSL,26.59,22.33
PFC,3.24,3.24
SMSPHARMA,42.26,42.26
INDIANB,8.45,8.45
ORIENTALTL,17.99,13.87
IDEA,3.90,
PAGEIND,55.34,53.52
LAOPALA,18.58,18.29
AMDIND,33.18,33.18
JKTYRE,14.83,11.63
ASTRAL,63.95,62.21
NAHARSPING,12.73,12.73
NAHARPOLY,7.55,7.55
THEMISMED,26.92,
NCLIND,8.60,8.01
BALAMINES,33.11,33.11
BANSWRAS,9.91,8.85
ICRA,21.20,21.10
PHOENIXLTD,42.83,42.23
NDLVENTURE,539.98,539.98
ZENITHSTL,18.32,27.20
BFUTILITIE,10.09,10.08
FORTIS,58.60,57.63
SRHHYPOLTD,10.65,9.65
ALPHAGEO,1010.38,1010.38
WEBELSOLAR,9.93,9.92
TGBHOTELS,18.57,18.57
HILTON,16.92,16.92
INSECTICID,13.91,13.91
KMSUGAR,6.25,6.25
NAVINFLUOR,54.77,54.39
TIMETECHNO,18.19,18.19
NAGREEKEXP,21.93,21.93
NELCAST,24.71,24.71
V2RETAIL,43.11,49.13
DLF,36.94,38.65
TARMAT,20.13,20.13
SPARC,4.15,4.12
SIGMAADV,107.90,102.61
ADSL,17.26,17.00
ALPA,28.46,28.46
CENTRALBK,6.07,6.07
ASIANTILES,139.78,139.78
TAKE,17.01,17.01
KPRMILL,41.26,41.26
CIEINDIA,16.10,16.10
PURVA,33.08,33.08
MOTILALOFS,30.76,30.76
INDOWIND,,254.00
NAGREEKCAP,4.50,4.50
KSCL,15.93,15.93
CENTUM,135.99,71.38
POWERGRID,15.32,15.32
SUPREMEINF,0.13,
MAANALU,43.12,43.12
IL&FSENGG,47.60,38.15
DELTACORP,,11.70
BAJAJELEC,,52.85
ENERGYDEV,,35.55
CERA,33.02,32.58
RELIGARE,442.79,442.79
BVCL,44.32,44.32
ADANIPORTS,30.62,30.21
EDELWEISS,18.00,15.71
RGL,16.04,16.04
KOLTEPATIL,30.08,30.08
COLPAL,37.25,36.68
JYOTHYLAB,24.52,24.52
KALYANIFRG,29.07,29.07
HITECHCORP,33.42,31.21
ECLERX,23.43,23.43
TARIL,30.18,30.18
BRIGADE,24.31,24.78
MANAKSIA,6.14,6.14
DVL,5.16,5.16
PATINTLOG,8.07,8.07
PPAP,7.20,82.18
ARIES,12.94,12.94
AMBIKCO,11.04,11.04
CEATLTD,22.49,20.45
BIRLAMONEY,12.02,11.51
RPOWER,,101.29
JKIL,9.16,8.96
CORDSCABLE,17.43,17.43
KNRCON,8.38,9.85
SEPC,36.72,35.24
BANG,9.36,6.71
IRB,21.70,20.75
NMDC,9.13,9.13
GSS,,7.01
NAHARCAP,3.43,3.43
RECLTD,4.98,4.98
VGUARD,36.81,35.32
NESCO,18.38,18.38
DPSCLTD,53.12,53.12
TITAGARH,57.65,57.66
KIRIINDUS,0.60,3.63
BAJAJFINSV,13.60,13.43
BAJAJ-AUTO,26.22,26.15
DIGISPICE,19.44,16.78
GOKUL,18.87,18.87
RPGLIFE,40.85,41.93
ALMONDZ,11.74,11.74
ARCHIDPLY,15.67,14.79
LOTUSEYE,1598.80,1508.47
VINYLINDIA,21.47,21.47
UBL,81.36,93.14
LPDC,10.16,10.16
ZFCVINDIA,53.18,52.56
20MICRONS,11.12,11.08
JOCIL,15.82,15.82
ALKALI,90.39,90.39
COUNCODOS,81.52,81.52
TPHQ,9.36,9.36
TATACAP,25.42,25.28
MAWANASUG,20.72,16.82
AJMERA,14.75,14.75
MHRIL,77.21,88.76
VINATIORGA,27.53,27.53
LANDSMILL,52.79,52.79
ADANIPOWER,26.03,26.03
NHPC,17.54,17.54
GLOBUSSPR,25.81,25.81
OIL,7.99,7.99
EXPLEOSOL,9.81,9.21
RTNPOWER,33.07,33.07
AMRUTANJAN,27.13,23.54
SUNTECK,19.30,19.30
ZYDUSWELL,88.65,70.55
DEN,8.47,8.47
SHILPAMED,67.44,74.60
SARDAEN,15.35,15.48
REFEX,15.27,15.27
GILLANDERS,13.14,13.14
AHLUCONT,17.04,17.14
DLINKINDIA,13.85,13.85
JSWENERGY,36.90,35.73
GODREJPROP,31.60,32.38
DBCORP,9.04,9.04
HINDCOPPER,40.80,40.80
BEARDSELL,8.98,8.98
MMTC,18.91,
NESTLEIND,68.10,70.06
TRF,,42.51
WHIRLPOOL,46.15,42.73
UNITEDTEA,10.46,10.46
JUBLFOOD,70.20,68.39
VASCONEQ,28.48,28.48
THANGAMAYL,39.83,39.66
EMMBI,19.76,18.02
DBREALTY,436.20,
HATHWAY,21.89,21.89
TEXMOPIPES,10.72,10.72
MANINFRA,23.88,23.88
LGBBROSLTD,17.31,17.26
PERSISTENT,43.71,42.24
ASIANHOTNR,,124.73
ISFT,11.45,11.45
KIRLOSBROS,36.46,33.50
KSL,15.72,15.38
SJVN,37.55,37.55
SUNDARAM,13.59,15.23
KIRLOSIND,10.89,9.79
MANAPPURAM,20.34,20.34
UMESLTD,37.80,35.69
TI,,61.60
HMVL,5.67,4.77
IMFA,12.42,12.42
BLISSGVS,55.34,54.72
AHLWEST,8.51,6.59
AHLEAST,,12.45
BAJAJCON,28.12,28.12
UGARSUGAR,24.30,24.30
PRAKASHSTL,101.62,101.62
GPPL,13.83,14.21
ADFFOODS,31.85,30.27
WAAREEINDO,5.48,5.48
KILITCH,25.98,25.98
ORISSAMINE,660.63,660.63
DEEPAKNTR,27.00,26.69
CPCAP,6.06,6.06
GREENPOWER,15.45,18.34
RAMKY,8.67,12.00
CANTABIL,19.81,19.81
WABAG,31.34,31.13
ASHOKA,1.25,22.12
BEDMUTHA,21.07,21.07
JWL,58.96,54.67
OBEROIRLTY,25.30,25.13
PRESTIGE,50.07,50.07
SHAH,21.01,21.01
CGCL,21.24,21.24
RESPONIND,42.53,42.32
COALINDIA,8.35,8.35
IOLCP,34.27,32.57
GRAVITA,27.81,27.81
JINDWORLD,57.59,58.25
PENIND,17.35,17.35
RPPINFRA,61.71,90.75
JAMNAAUTO,23.90,23.11
SUMEETINDS,29.24,28.43
MOIL,16.22,16.22
ZEELEARN,4.84,9.10
A2ZINFRA,56.02,69.64
KIRLOSENG,58.28,55.70
RKDL,243.93,33.95
PSB,10.92,10.92
FMNL,6.34,6.34
SURANASOL,19.32,19.32
SHEKHAWATI,8.02,8.02
BFINVEST,4.21,4.21
KICL,52.32,46.81
SUMMITSEC,12.18,12.18
STEL,57.28,57.28
TEXRAIL,23.38,23.10
HFCL,52.15,52.15
INDTERRAIN,332.04,145.07
DHUNINV,3.62,3.63
LOVABLE,32.88,32.88
PFS,7.81,7.74
MUTHOOTFIN,9.67,9.67
VADILALIND,24.28,24.28
SYMPHONY,,39.54
PIIND,30.59,32.99
RELAXO,39.06,39.06
OMINFRAL,22.98,22.98
VSTTILLERS,34.21,34.22
DELPHIFX,55.36,39.13
KARMAENG,51.35,51.35
ASHIANA,33.05,33.05
DHANUKA,15.87,15.87
MAITHANALL,9.15,9.15
RUSHIL,20.88,20.88
BGLOBAL,1.44,1.44
INVENTURE,29.00,33.79
LTF,22.01,21.87
WINDMACHIN,462.10,7028.46
IBULLSLTD,13.78,12.15
BODALCHEM,37.03,37.02
GAYAPROJ,0.49,6.81
ASAHISONG,13.34,13.34
FILATEX,25.73,25.73
BROOKS,12.61,12.61
TDPOWERSYS,82.04,82.04
APLLTD,24.35,22.61
PGEL,70.64,70.64
PANAMAPET,5.90,5.90
PAISALO,28.95,28.88
ONELIFECAP,14.10,14.10
SHAKTIPUMP,27.03,27.03
TRITURBINE,52.18,50.54
INDOTHAI,5.89,5.89
ESSARSHPNG,1.81,
DSSL,15.16,15.16
JISLDVREQS,,55.41
POLYMED,53.02,52.19
RUPA,14.03,13.49
VIKASECO,65.88,65.88
APLAPOLLO,49.63,49.63
KANANIIND,11.85,11.85
MINDACORP,32.23,40.80
THOMASCOTT,17.58,16.72
DBSTOCKBRO,37.32,37.32
IRFC,14.28,14.28
COMPUSOFT,35.71,
RHIM,,36.34
SCHNEIDER,154.61,148.98
NDL,10.48,10.48
NBCC,28.29,30.66
TBZ,19.69,19.69
VSSL,27.51,27.51
SWANCORP,43.60,43.60
SPECIALITY,32.05,28.51
CINELINE,24.39,19.76
SAMPANN,16.93,16.93
PROZONER,55.70,55.70
THEJO,42.87,41.46
MAYURUNIQ,15.04,15.04
ROSSELLIND,16.55,16.25
DUCON,9.06,9.06
TVSHLTD,6.47,6.41
ZUARI,0.94,4.74
VETO,10.46,10.46
CARERATING,27.22,27.22
PCJEWELLER,17.03,17.01
INDUSTOWER,13.28,13.28
VMART,44.32,44.16
REPCOHOME,4.50,4.50
JUSTDIAL,11.13,10.73
ATULAUTO,24.84,24.32
ORIENTCEM,11.72,11.54
PILITA,56.86,56.86
AURUS,7.58,7.58
MITCON,13.21,13.21
ORBTEXP,13.80,13.80
JPOLYINVST,1.18,1.18
SREEL,20.90,20.88
NATHBIOGEN,7.48,8.61
CASTROLIND,18.72,18.44
IREDA,16.41,16.41
BUTTERFLY,20.97,20.47
WONDERLA,31.47,30.37
AGARIND,14.53,14.53
HATSUN,70.30,70.30
CAPLIPOINT,31.99,31.99
GOCLCORP,5.53,5.60
GULFOILLUB,14.85,14.25
SNOWMAN,110.50,51.37
SHARDACROP,10.50,10.50
SUPERHOUSE,22.71,22.71
PDSL,26.56,26.56
INTELLECT,25.25,24.10
MONTECARLO,10.16,10.16
GOODLUCK,24.83,24.83
FCL,45.11,45.11
CAMLINFINE,3042.17,42.09
GULPOLY,7.01,7.01
APOLSINHOT,31.93,34.97
CCHHL,,25.79
LAMBODHARA,11.30,11.30
GRPLTD,183.40,149.04
GENUSPAPER,18.54,18.54
MOLDTKPAC,28.38,28.38
GREENLAM,59.69,61.94
VISHNU,31.12,31.12
GANECOS,48.34,48.34
LINC,16.72,16.72
MENONBE,37.10,37.10
HESTERBIO,13.34,34.13
JMA,6.16,6.16
MANAKALUCO,25.47,25.47
MANAKSTEEL,12.87,12.87
MANAKCOAT,32.83,32.83
ZENTEC,75.41,74.83
IMAGICAA,208.82,236.66
INOXWIND,29.84,29.84
LFIC,28.61,28.61
BYKE,22.38,22.38
AVANTIFEED,17.20,16.95
VRLLOG,18.78,18.78
PRIVISCL,41.18,41.18
BCG,1.87,1.87
UFO,9.51,9.51
TPLPLASTEH,16.81,16.81
NILAINFRA,10.75,10.75
ARROWGREEN,21.06,21.06
PNCINFRA,4.60,5.74
SKIPPER,29.12,28.11
ALANKIT,10.35,10.35
ORICONENT,28.42,32.32
ADANIENSOL,50.97,51.36
SYNGENE,68.68,53.64
AYMSYNTEX,91.19,91.19
EMKAYTOOLS,12.43,12.43
AURUM,29.92,29.92
MUTHOOTCAP,15.18,14.18
SATIN,6.32,6.32
ARVSMART,14.97,14.97
POWERMECH,17.78,17.78
SHARDAMOTR,16.34,16.19
NAVKARCORP,32.70,32.70
SHREEPUSHK,22.29,22.29
GUJENERGY,12.93,11.90
SADBHIN,1.25,0.47
IDFCFIRSTB,30.13,30.13
COFFEEDAY,3.30,
SHK,21.42,44.02
BALAXI,50.99,50.99
LUXIND,31.93,30.76
TTKHLTCARE,19.37,18.71
SALZERELEC,21.10,21.10
KRIDHANINF,22.09,29.74
LINCOLN,12.08,12.08
LALPATHLAB,59.67,57.51
ALKEM,28.07,26.43
NH,45.55,43.38
PRECAM,27.14,37.59
TEAMLEASE,11.55,11.18
HITECH,19.79,19.79
VIDHIING,33.21,33.21
BHAGERIA,24.62,24.62
NECCLTD,24.14,24.14
KELLTONTEC,7.62,7.62
VIYASH,49.78,39.16
GOKULAGRO,15.17,15.17
KDDL,32.86,32.47
PDMJEPAPER,9.78,9.78
HCG,310.28,65.52
HECPROJECT,9.70,9.70
WEALTH,27.10,27.10
BHARATWIRE,16.56,16.56
CCAVENUE,16.74,16.59
THYROCARE,49.62,48.40
CROMPTON,,22.27
SAGARDEEP,12.85,13.86
PARAGMILK,26.67,25.54
SHRIPISTON,37.50,36.23
UNITEDPOLY,40.74,40.74
ARMANFIN,15.41,15.41
ALBERTDAVD,21.42,21.42
BLS,12.24,12.24
ASPINWALL,12.31,15.18
NAGAFERT,,Infinity
SALONA,62.82,62.82
PREMEXPLN,108.53,105.66
CONTROLPR,24.60,24.64
INCREDIBLE,13.22,13.22
MAHASTEEL,201.45,202.15
DAMODARIND,11.00,11.00
MGL,14.50,14.50
MOLDTECH,30.87,30.87
POKARNA,23.46,23.46
COMPINFO,0.28,0.28
GPTINFRA,15.30,15.30
QUESS,20.10,19.65
GROBTEA,13.93,13.02
SOMICONVEY,23.75,23.75
LLOYDSENGG,63.00,63.00
LTM,23.35,21.76
GATECH,16.96,16.96
MINDTECK,15.77,14.86
ADVENZYMES,18.32,19.34
DBL,5.27,10.81
SPAL,22.67,22.08
RBLBANK,70.24,70.24
MBAPL,49.40,49.40
CUPID,258.90,258.90
LTTS,25.77,24.79
GNA,19.31,19.31
CROWN,14.62,14.62
ICICIPRULI,39.32,39.32
MARATHON,13.43,13.33
HPL,19.05,18.26
JAIPURKURT,25.08,25.08
MASKINVEST,552.98,552.98
SAKAR,67.16,67.16
ALCODIS,7.42,7.42
PANSARI,24.80,24.80
ARTNIRMAN,240.82,240.82
ENDURANCE,39.16,38.58
NIRAJISPAT,11.88,11.88
MAZDA,19.08,19.08
PNBHOUSING,12.22,12.22
VBL,42.66,42.66
KINGFA,38.33,38.33
AGROPHOS,12.06,13.18
PODDARMENT,17.95,17.95
ROLLT,8.21,
NBIFIN,41.46,41.46
KIOCL,517.40,517.40
JETFREIGHT,12.89,12.89
SFL,31.72,34.42
TCIEXP,22.66,22.26
LAURUSLABS,99.62,99.62
TERASOFT,10.88,10.88
ITDC,69.28,69.28
HISARMETAL,17.24,17.24
RHFL,3.21,26.91
LIBAS,15.89,15.89
SPCENET,7.27,7.27
MAHESHWARI,13.20,13.20
BHANDARI,12.97,12.97
BSE,44.77,44.77
MCL,35.30,35.30
PRICOLLTD,34.26,34.26
STEELCITY,7.27,7.27
KRISHANA,29.30,29.30
GLOBAL,26.13,26.13
NITIRAJ,93.19,93.19
AKASH,63.35,42.84
DMART,81.14,81.14
TASTYBITE,68.75,68.13
INTENTECH,,12.76
AIRAN,13.35,12.89
AKSHARCHEM,21.90,24.90
ARIHANTSUP,25.60,25.60
URJA,317.08,317.08
NRAIL,17.74,16.30
SHANKARA,62.26,59.01
NACLIND,258.54,107.25
CNL,21.87,21.87
FOCUS,68.52,66.90
DEVIT,1.65,
AVATAR,497.13,497.13
SIKKO,47.14,47.14
MKPL,31.72,31.72
DOLLAR,13.70,13.95
INFOBEAN,16.59,16.59
SCHAND,7.45,7.12
BHAGYANGR,21.93,21.93
PSPPROJECT,42.06,42.06
STARCEMENT,20.54,20.04
GLOBE,9.29,9.29
ERIS,25.76,25.19
CDSL,57.28,57.28
GTPL,96.30,91.82
AUBANK,26.18,26.18
SHRENIK,259.09,259.09
DYNPRO,13.74,13.74
STEELXIND,44.54,44.54
SALASAR,56.42,56.42
UNIVASTU,15.20,15.20
AVADHSUGAR,24.54,23.75
PALASHSECU,6.70,6.70
MAGADSUGAR,14.93,14.71
GANGESSECU,39.17,39.17
THEINVEST,13.08,13.35
TOTAL,12.52,12.52
OPTIEMUS,99.49,99.49
WEWIN,11.41,11.41
SIS,38.03,11.43
COCHINSHIP,51.41,51.41
HALEOSLABS,29.99,29.99
VAISHALI,25.89,25.89
GEEKAYWIRE,11.61,11.61
SERVOTECH,46.45,46.45
ABCAPITAL,24.73,24.51
APEX,20.58,21.37
PASHUPATI,77.48,77.48
DIXON,40.07,40.07
DCAL,159.37,139.47
MATRIMONY,24.03,24.03
CHOLAHLDNG,4.34,4.34
CAPACITE,8.39,8.39
ICICIGI,31.69,31.69
WORTHPERI,11.90,11.82
SBILIFE,66.67,66.67
RMDRIP,28.44,28.44
DPWIRES,13.11,13.11
AARVI,10.39,10.19
DIAMONDYD,221.93,202.16
AIROLAM,25.16,25.16
RKEC,3.91,3.91
GATECHDVR,1.01,1.01
GOLDSTAR,11.05,11.05
JASH,43.38,43.40
RELIABLE,16.37,16.10
OMFURN,9.52,9.52
GODREJAGRO,29.11,27.68
TCPLPACK,31.42,29.01
MASFIN,12.68,12.57
IEX,19.58,19.58
DPABHUSHAN,13.21,13.21
GICRE,6.49,6.49
TIINDIA,42.92,41.49
NAM-INDIA,42.77,42.77
MAHLOG,87.53,84.48
NIACL,39.02,39.02
IFGLEXPOR,33.92,27.73
5PAISA,32.36,32.36
HDFCLIFE,58.47,58.47
AISL,14.67,14.67
VERTOZ,11.41,11.41
PULZ,9.96,9.96
SILVERTUC,44.33,44.33
ZODIAC,13.10,13.10
FELIX,19.67,19.67
ICEMAKE,98.56,98.56
SHRADHA,8.29,8.29
INNOVANA,20.63,20.63
SHALBY,41.25,41.25
TOUCHWOOD,21.10,21.10
ONEPOINT,40.50,39.68
SHIVATEX,22.37,22.37
AJOONI,13.66,13.66
MOKSH,8.21,8.21
BCONCEPTS,176.93,101.66
APOLLO,132.04,132.04
NEWGEN,21.55,19.72
AMBER,199.51,432.75
SOLEX,9.18,9.22
GALAXYSURF,21.95,21.35
SINTERCOM,127.04,127.04
SOUTHWEST,14.17,14.80
SHIVAMILLS,15.56,15.56
ARVEE,63.79,63.79
ASTERDM,179.55,156.91
BANKA,227.06,123.48
GMMPFAUDLR,97.96,54.80
HGINFRA,15.57,0.22
HINDCON,38.22,38.22
SARVESHWAR,13.02,13.02
MACPOWER,56.44,56.45
TARACHAND,16.32,16.17
BDL,78.48,78.48
TSFINV,19.44,19.44
BANDHANBNK,21.55,21.55
HAL,33.99,33.99
MITTAL,10.68,14.22
SANDHAR,16.69,16.97
GIRIRAJ,10.33,10.33
KAPSTON,53.68,53.68
MIDHANI,57.74,57.74
LEMONTREE,27.64,25.13
AVG,10.97,10.97
MMP,42.83,26.07
NARMADA,27.56,27.56
PIGL,13.20,13.13
BSHSL,31.08,31.08
MAHICKRA,57.09,57.09
AAKASH,25.55,25.55
SOFTTECH,127.30,122.15
ORIENTELEC,31.09,28.63
E2E,412.94,412.94
BORORENEW,15.36,15.65
SIRCA,34.46,34.46
SVLL,131.86,131.86
LATTEYS,28.61,28.26
SONAMLTD,30.93,30.93
ADANIGREEN,94.79,86.71
OSWALSEEDS,9.32,9.32
PRITI,54.81,54.81
ACCURACY,17.48,17.48
SOLARA,,828.90
FINEORG,35.86,35.86
RITES,20.43,20.43
VARROC,64.77,37.03
AVROIND,21.97,21.97
HDFCAMC,33.51,33.51
TEMBO,10.01,10.24
CREDITACC,16.64,16.64
AARON,30.69,30.69
SIGIND,8.64,8.64
SUMIT,35.89,35.89
LAGNAM,7.05,7.05
RPPL,6.84,6.84
AKG,83.30,83.30
IRCON,18.68,18.68
SPECTRUM,97.75,97.75
RAJMET,41.34,40.55
AAVAS,14.80,14.80
KSHITIJPOL,25.99,25.99
GRSE,32.13,32.13
KRITIKA,20.75,17.16
SILGO,39.99,39.74
VINNY,50.03,50.03
BBTCL,14.46,14.46
MARINE,92.86,91.37
IRISDOREME,67.99,67.99
ATGL,103.41,103.41
TECHNOE,26.49,26.49
SHUBHLAXMI,19.03,19.03
UNIPARTS,20.95,20.66
SHRIRAMPPS,13.11,13.11
TREJHARA,26.35,25.75
NILASPACES,13.75,13.75
AWHCL,15.01,15.01
DALBHARAT,32.51,26.50
RPSGVENT,761.21,24.40
SURANI,66.12,245.61
CHALET,36.04,35.53
MSTCLTD,21.34,21.34
OSIAHYPER,2.25,2.25
ANUP,38.60,38.08
ARVINDFASN,29.68,27.20
PAR,11.04,11.04
KHFM,26.58,26.58
RVNL,47.19,47.19
POLYCAB,42.48,42.48
METROPOLIS,58.52,56.59
KPITTECH,23.98,22.35
SWSOLAR,,14.77
NEOGEN,202.45,202.45
VIKASLIFE,,9.95
EMAMIPAP,7.58,7.53
VCL,4.61,4.61
CONFIPET,20.53,20.53
PPL,12.15,12.15
DGCONTENT,112.38,7.89
INDIAMART,19.95,19.95
ATMASTCO,15.45,11.61
ABINFRA,40.42,40.52
OAL,349.88,349.88
DCMNVL,11.73,9.54
SATIA,,148.49
GFSTEELS,42.51,42.51
WEL,82.48,82.48
AFFLE,45.66,45.66
CHEMCON,28.71,28.71
WESTLIFE,284.78,
DOLATALGO,8.03,8.03
HNDFDS,46.93,45.87
UJJIVANSFB,13.59,13.59
MAZDOCK,30.22,30.22
IRCTC,26.05,26.28
SAFARI,43.14,43.14
DCI,24.69,24.69
360ONE,33.78,33.78
IIFLCAPS,18.94,18.94
HPIL,37.57,37.57
SAMHI,5.83,7.18
SHIVAUM,58.61,58.61
FLUOROCHEM,80.15,78.49
GREENPANEL,290.31,290.31
KUANTUM,18.53,18.53
CHEMBOND,17.42,16.85
MGEL,11.15,14.52
ROUTE,10.71,
SBICARD,24.72,24.72
HOMEFIRST,19.68,19.68
SIGMA,14.69,14.69
CSBBANK,8.45,8.45
EQUITASBNK,14.80,14.80
ROSSARI,16.19,16.19
PRINCEPIPE,27.91,27.39
LIKHITHA,28.13,28.13
PARKHOTELS,42.49,41.48
ARTEMISMED,50.83,49.78
PATANJALI,21.59,20.32
SUMICHEM,37.37,37.89
LGHL,487.32,575.44
ATALREAL,24.01,24.01
ASALCBR,15.59,15.59
MAHEPC,28.35,23.82
COHANCE,296.31,289.20
POWERINDIA,117.24,113.22
STOVEKRAFT,54.29,54.29
BHARTIHEXA,39.10,38.56
KSOLVES,15.70,15.70
RAJRATAN,29.39,29.39
HAPPSTMNDS,20.97,19.94
AARTISURF,22.99,22.99
GLAND,42.33,41.71
BOROLTD,47.94,45.97
NDRAUTO,26.45,26.25
MAXHEALTH,66.79,64.91
PAVNAIND,27.16,27.16
AAATECH,60.24,60.24
KALYANKJIL,40.59,39.81
BTML,15.71,15.81
SHAREINDIA,12.30,12.30
UNIDT,22.91,22.91
SIGACHI,41.79,46.23
ANGELONE,24.73,24.73
ADL,,634.93
NIRAJ,7.03,7.03
VALIANTORG,20.54,22.96
CAMS,34.98,34.98
SURYODAY,8.03,8.03
ROML,14.70,14.70
UTIAMC,22.42,19.29
RAILTEL,23.76,22.16
BECTORFOOD,43.65,43.65
KHAICHEM,8.88,8.88
ORCHPHARMA,571.35,339.36
SUBEXLTD,38.16,35.28
NURECA,79.75,79.75
INDIGOPNTS,32.45,31.61
LXCHEM,39.24,39.24
RVHL,4.97,4.97
MTARTECH,163.03,159.81
FAIRCHEMOR,59.12,60.01
ANURAS,60.08,60.08
KANPRPLA,13.61,13.61
ISGEC,26.80,25.53
RUBFILA,13.16,13.16
STYLAMIND,32.76,32.76
PAKKA,25.25,25.25
CLSEL,11.36,11.36
PARTYCRUS,10.92,10.92
CARYSIL,27.32,27.11
MANCREDIT,25.50,25.50
SHAILY,78.92,78.92
MODISONLTD,13.73,13.00
FIBERWEB,14.53,14.53
BCLIND,7.47,7.47
BHAGCHEM,113.59,113.59
SBCL,60.28,59.99
AADHARHFC,16.79,16.61
SMCGLOBAL,18.50,18.50
NPST,76.35,76.35
SVPGLOB,0.89,
ARIHANTCAP,24.46,24.54
SIDDHIKA,12.41,12.41
NAZARA,,16.74
IPL,14.07,14.07
GENCON,25.30,25.30
LODHA,27.04,27.04
HLEGLAS,71.47,63.67
BESTAGRO,21.20,21.20
VMARCIND,45.52,45.52
SONACOMS,73.50,70.30
DRCSYSTEMS,8.79,8.46
PARAS,110.47,113.10
CRAFTSMAN,59.26,58.80
DODLA,24.86,24.67
EXXARO,67.21,67.21
JUBLINGREA,33.79,32.79
ROLEXRINGS,33.37,1.77
WALPAR,9.96,9.96
SHYAMMETL,26.63,26.63
KIMS,165.59,162.41
JSFB,13.90,13.90
TATVA,80.13,78.22
CLEAN,35.67,35.67
AILIMITED,23.46,23.46
ALIVUS,27.39,26.57
ABSLAMC,28.37,28.31
DEEPINDS,21.89,16.90
ETERNAL,737.59,737.59
BEWLTD,21.76,21.76
PIXTRANS,17.83,17.83
MEDIASSIST,24.39,24.45
WINDLAS,34.24,34.24
CARTRADE,55.30,53.49
KRSNAA,17.78,17.78
EQUIPPP,122.27,122.27
APTUS,12.08,12.08
SUPRIYA,39.95,39.88
ANMOL,6.73,6.73
BMETRICS,32.91,32.91
ABCOTS,31.50,31.50
VIJAYA,82.48,82.48
ACUTAAS,67.94,67.94
VINEETLAB,42.31,42.31
MOL,22.55,22.55
SUYOG,12.48,12.48
SANSERA,79.21,73.78
BAJAJHCARE,64.27,22.27
PRITIKAUTO,12.98,12.98
NIVABUPA,107.11,107.11
MOBIKWIK,,529.03
AAREYDRUGS,67.61,67.61
GRINFRA,7.61,8.29
INTLCONV,3.74,3.74
DUGLOBAL,24.20,24.20
PAYTM,161.72,137.62
STEELCAS,41.37,41.37
HPAL,170.13,132.48
UGROCAP,5.98,5.98
STARHEALTH,58.39,58.39
KPIGREEN,14.34,14.41
YUKEN,98.36,98.36
ANANDRATHI,76.38,76.38
SJS,34.47,38.03
FINOPB,50.47,41.70
POLICYBZR,71.19,71.19
NYKAA,359.65,342.68
AWL,20.27,19.94
MONARCH,15.33,15.33
SAPPHIRE,,348.32
QUADPRO,103.21,103.21
PRUDENT,53.59,53.59
EPIGRAL,16.52,16.52
NUVOCO,30.13,27.73
GOCOLORS,30.02,30.02
NGIL,44.08,44.08
IXIGO,78.83,76.98
CMSINFO,12.43,12.17
FUSION,16.52,16.52
COASTCORP,7.52,7.52
TARSONS,162.09,152.78
MEDPLUS,37.28,37.28
RATEGAIN,40.53,38.03
MANORG,18.39,15.96
LATENTVIEW,25.18,25.18
METROBRAND,69.34,69.34
PVSL,,294.20
EMCURE,35.89,35.24
PASUPTAC,6.76,6.73
FOODSIN,15.91,15.90
PARADEEP,15.08,14.89
JAINAM,38.10,38.10
MAPMYINDIA,34.41,34.41
3IINFOLTD,14.60,13.10
TMB,9.45,9.45
MANYAVAR,34.08,34.08
GANESHBE,13.58,15.12
DMCC,18.89,18.89
MEDICAMEQ,44.16,44.16
EMIL,36.00,37.84
SHIVALIK,32.70,32.70
GODAVARIB,5211.86,37.31
WAAREEENER,17.64,16.73
DATAPATTNS,89.36,88.63
JSLL,26.40,26.40
COOLCAPS,33.04,33.04
MEDANTA,69.78,67.73
AFSL,7.44,7.44
MALLCOM,21.87,21.87
NIDAN,11.58,10.68
IRIS,3.72,3.72
ASIANENE,38.52,33.08
SMLT,16.50,16.50
RADIANTCMS,13.89,13.92
GPTHEALTH,27.10,27.10
CHOICEIN,67.30,67.30
EUROBOND,14.34,14.34
HARIOMPIPE,15.42,15.42
GRWRHITECH,39.85,39.85
CAPITALSFB,8.45,8.45
DELHIVERY,326.92,256.29
DCMSRIND,13.11,13.11
VERANDA,14.53,29.89
RAJRILTD,33.26,33.26
EMUDHRA,45.95,45.95
DYCL,23.13,23.13
FIVESTAR,13.86,13.86
STARTECK,12.76,12.76
SBC,63.13,63.13
ELDEHSG,20.52,20.52
RICHA,16.14,16.14
ELIN,,25.14
ANUHPHR,20.30,20.30
SHIGAN,18.23,18.23
MADHAVBAUG,19.30,19.30
SEJALLTD,23.80,23.80
MHLXMIRU,7.98,7.98
RELCHEMQ,15.66,15.66
GATEWAY,10.43,10.40
SYRMA,83.86,83.11
ZIMLAB,199.70,199.70
JTLIND,28.34,28.34
CAMPUS,41.88,41.88
RAINBOW,48.03,47.85
TBOTEK,67.89,66.75
VENUSPIPES,42.64,42.49
AETHER,98.15,96.02
ROTO,42.54,42.54
MEGASTAR,28.29,28.29
SANATHAN,71.92,71.92
INDOBORAX,27.21,31.29
LANDMARK,43.60,41.66
RACE,26.53,41.77
AVONMORE,11.33,11.33
ETHOSLTD,63.70,62.94
SONUINFRA,3.97,3.97
MSUMI,36.78,36.78
DHARMAJ,16.35,16.35
HARSHA,27.41,27.41
KRISHIVAL,44.32,44.32
GMRP&UI,13.59,
KCK,208.48,208.48
LICI,8.44,8.44
INDOAMIN,12.28,12.28
TVSSCS,82.96,78.43
AMEYA,18.69,18.69
INOXGREEN,56.01,56.01
FEDFINA,14.76,14.76
ACI,62.33,62.33
BIKAJI,54.78,54.14
RITCO,30.01,30.01
SURAJEST,11.30,11.30
VEEKAYEM,5.98,5.98
SKP,308.13,308.13
RILINFRA,6.26,6.26
HARDWYN,50.91,50.91
CHEVIOT,10.16,10.16
MUKKA,10.89,10.89
HMAAGRO,5.59,5.59
VIKRAMSOLR,16.26,16.08
MWL,24.80,24.80
MEDICO,13.39,13.39
CMRSL,6.25,5.91
KFINTECH,44.73,43.61
YATHARTH,60.78,60.78
YATRA,51.21,46.36
ARISTO,9.53,9.53
KAYNES,70.93,70.61
NGLFINE,29.49,29.49
JFLLIFE,27.83,27.83
FIDEL,16.44,16.10
AXITA,77.91,77.91
PLAZACABLE,23.28,23.28
SENCO,9.14,9.14
USASEEDS,11.48,11.48
RADHIKAJWE,10.31,10.31
SPLPETRO,33.50,32.96
RAMRAT,41.49,40.60
CSLFINANCE,5.56,5.55
AGNI,35.16,21.82
KORE,22.30,22.30
GOYALALUM,17.66,17.66
RUSTOMJEE,34.69,34.69
GENSOL,0.80,0.80
DBOL,9.71,9.71
KANDARP,33.65,33.65
SPORTKING,16.31,16.31
ALLETEC,9.50,9.15
AIIL,22.23,22.23
ABDL,96.50,95.56
MANORAMA,45.88,45.88
ISHAN,27.15,27.48
ARABIAN,8.73,8.73
INNOVACAP,46.54,46.54
GRMOVER,21.66,21.66
SYNCOMF,24.40,24.40
DJML,20.99,20.99
BAHETI,29.58,29.58
SULA,45.51,43.49
SIGNATURE,10.52,
KRITINUT,11.36,11.36
MEGAFLEX,17.34,17.34
KALAMANDIR,8.78,8.78
RAMAPHO,7.90,7.90
AVALON,115.65,115.65
CONCORDBIO,53.40,52.92
GODIGIT,49.46,49.46
GRCL,58.35,58.35
BAIDFIN,10.74,10.74
PHANTOMFX,4.28,4.28
BLUEJET,44.90,44.90
MVGJL,8.65,8.77
UYFINCORP,6.08,6.08
SCPL,31.78,31.78
SUKHJITS,14.36,14.36
ARHAM,38.18,38.18
MANKIND,48.66,46.62
SKYGOLD,35.97,35.97
AEROENTER,7.91,7.84
DIVGIITTS,58.93,58.93
EIEL,17.73,17.46
PRITIKA,22.54,22.54
USK,9.03,9.03
ANLON,41.67,41.67
MOTISONS,30.75,30.65
SRIVASAVI,19.26,19.26
DIACABS,103.25,103.25
IKIO,30.72,30.72
MANOMAY,20.48,20.48
FAZE3Q,34.53,34.53
UMA,10.00,10.00
NSLNISP,146.34,146.34
RBMINFRA,6.07,6.07
LLOYDSME,21.01,21.01
AARTIPHARM,38.88,38.46
RHL,10.58,10.58
SAHYADRI,8.59,8.52
SAHANA,11.60,11.60
NINSYS,39.09,39.09
DUCOL,28.66,28.66
SBFC,20.06,20.06
SBGLP,9.79,9.79
ASMS,29.85,30.01
HYBRIDFIN,20.08,20.08
SHERA,12.61,12.61
VIAZ,22.56,22.56
LRRPL,23.36,23.36
INDGN,36.86,35.45
ZAGGLE,18.13,18.13
GANDHAR,8.09,8.09
AGARWALFT,13.32,13.32
MCON,9.52,9.52
HONASA,60.94,60.03
RISHABH,34.72,34.72
IRMENERGY,14.91,14.91
AERONEU,189.39,61.92
DENEERS,6.94,6.94
JGCHEM,31.03,31.03
CYIENTDLM,88.75,88.75
NIRMAN,1.21,1.21
AKI,21.79,21.45
MASTER,21.07,21.07
YCCL,16.46,16.46
RPTECH,18.05,18.05
LORDSCHLO,12.87,12.87
SYSTANGO,10.09,10.09
RATNAVEER,41.09,41.09
MOS,10.42,10.42
SECMARK,45.00,45.00
AUROIMPEX,13.19,13.19
SPECTSTM,10.46,10.46
ATAM,35.27,35.27
AFIL,7.84,7.84
IDEAFORGE,905.68,905.68
CRAYONS,16.67,16.67
INFOLLION,11.60,11.60
LAL,27.01,27.01
URBAN,6.87,6.87
INFINIUM,34.44,34.44
AARTECH,33.28,29.41
POCL,24.22,24.13
KRISHCA,31.84,31.84
ESFL,12.76,12.76
AATMAJ,65.18,65.18
DOLPHIN,35.99,35.99
TATATECH,51.54,99.49
REMUS,23.47,23.47
NOVAAGRI,16.20,16.20
REDTAPE,26.91,26.91
ASHOKAMET,2.98,2.98
SICALLOG,9.67,2161.39
PENTAGON,36.10,36.10
CELLPOINT,409.85,409.85
SEL,20.09,20.09
TRIDHYA,23.92,23.92
PTCIL,258.86,258.86
KDL,1.83,1.83
NETWEB,104.15,104.15
PYRAMID,18.90,18.90
MAGSON,338.64,338.64
AEROFLEX,101.17,101.17
EMSLIMITED,27.72,27.72
EFACTOR,11.88,11.88
GHCLTEXTIL,13.40,13.40
MONOPHARMA,44.89,44.89
UDS,14.92,14.25
DENTALKART,72.51,72.51
SYNOPTICS,10.04,10.04
CLSL,16.68,16.81
SSFL,14.89,14.89
KIRLPNU,33.63,32.55
ATL,15.10,14.86
BALUFORGE,22.43,22.43
RRKABEL,45.79,45.50
COMMITTED,24.89,24.89
JSWINFRA,53.64,51.39
JLHL,46.44,45.31
SCILAL,60.31,60.31
NUVAMA,27.98,27.98
DRONE,69.64,69.64
GLOBALPET,37.37,38.64
YASHO,86.10,86.10
PRAMARA,14.96,14.96
NIITMTS,11.09,12.35
VINSYS,28.56,28.56
VALIANTLAB,40.37,40.37
ZEAL,9.10,9.10
RACLGEAR,38.35,38.20
WCIL,25.75,25.75
ARVINDPORT,52.40,52.40
SINDHUTRAD,55.33,58.38
UNIHEALTH,22.32,22.32
ORIANA,12.52,12.52
ASKAUTOLTD,40.52,40.52
CHAVDA,22.52,22.52
ONDOOR,16.83,16.83
BAWEJA,7.89,7.89
TRANSTEEL,8.97,8.97
SANDUMA,12.27,11.87
LLOYDSENT,41.86,41.42
OLIL,104.51,104.51
SUNREST,7.56,7.56
RBZJEWEL,13.38,13.38
MASTERTR,7.65,7.65
KODYTECH,127.05,127.05
KARNIKA,42.67,42.67
AKANKSHA,53.43,53.66
SCML,13.18,13.18
MUFIN,68.43,68.43
HIGREEN,82.98,
PLATIND,22.95,22.78
MUFTI,10.47,10.23
FLAIR,17.51,17.51
BASILIC,9.43,8.71
CELLECOR,16.53,16.53
MUTHOOTMF,12.42,12.42
SRGHFL,6.48,6.48
JIOFIN,70.46,70.46
MCLOUD,12.74,12.60
MADHUSUDAN,21.08,21.08
GOYALSALT,15.93,15.93
TICL,14.82,14.82
WOMANCART,11.15,11.15
RCDL,6.78,6.78
BLSE,41.40,41.40
HOLMARC,30.78,30.28
SHANTHALA,7.18,7.18
TREL,17.31,18.56
MARCO,12.55,12.55
VISHNUINFR,11.96,11.96
KONTOR,13.24,13.24
RKSWAMY,19.68,18.28
HAPPYFORGE,57.57,57.57
IBLFL,61.82,61.82
INDIASHLTR,13.42,13.42
CELLO,23.13,22.74
CANARYS,11.14,10.78
DIGIDRIVE,11.90,10.18
DOMS,55.02,55.02
DIGIKORE,3.59,3.59
GLOSTERLTD,46.64,46.64
LANCORHOL,4.11,4.04
AMNPLST,23.80,23.80
SARTELE,5.87,5.87
VINYAS,60.87,60.87
SAIFL,2.22,2.22
JNKINDIA,31.88,31.88
AFFORDABLE,34.54,34.54
PARAGON,10.92,10.92
ARKADE,,17.12
INOXINDIA,73.18,72.54
GRAPHISAD,10.77,10.74
SHEETAL,36.35,36.35
ROXHITECH,7.42,7.42
JYOTICNC,73.95,73.95
STANLEY,132.62,122.81
BAJEL,88.90,88.03
EFORCE,68.33,68.33
DEEM,17.91,17.91
APS,8.05,8.05
ENTERO,46.47,45.26
TECHLABS,32.73,32.73
SIGNPOST,19.20,19.20
ROCKINGDCE,12.14,12.14
SUNCLAY,10.81,
SHREEOSFM,10.57,10.57
PRESSTONIC,29.49,29.49
HRHNEXT,6.27,6.27
INDOFARM,25.89,25.89
DEEDEV,61.56,60.41
MEGATHERM,19.99,19.48
OWAIS,78.44,78.44
SSDL,13.65,14.07
BRACEPORT,16.61,16.54
VR,12.25,12.25
KLL,6.41,6.41
SJLOGISTIC,6.62,6.62
PURVFLEXI,25.83,25.82
SRM,7.92,7.92
AZAD,126.26,126.26
PRATHAM,36.10,36.10
KONSTELEC,12.25,12.25
JUNIPER,28.81,24.88
KRYSTAL,13.30,13.30
VSTL,27.82,24.91
FONEBOX,24.14,24.14
DURLAX,26.17,26.17
INM,14.06,14.06
ITALIANE,11.11,11.11
SUPREMEPWR,25.06,25.06
KCEIL,5.00,5.00
MAXESTATES,772.28,772.28
CGRAPHICS,19.10,19.10
ACCENTMIC,37.02,37.02
COMSYN,38.14,38.14
SADHAV,12.05,12.05
WTICAB,7.42,7.42
GOPAL,37.83,61.66
DAVANGERE,43.56,43.56
MAXPOSURE,9.01,9.01
UEL,645.84,645.84
ALPEXSOLAR,20.74,20.69
KRONOX,28.17,28.17
VHLTD,43.22,43.22
KROSS,29.03,29.03
FALCONTECH,10.84,10.84
TCL,24.24,24.24
ENSER,13.28,13.15
DELAPLEX,6.49,6.49
RULKA,16.02,16.02
DENTA,13.36,13.36
SINCLAIR,37.32,37.32
SHREEKARNI,17.91,17.91
BLUEPEBBLE,57.68,57.68
LAMOSAIC,31.64,31.64
AIMTRON,81.67,81.68
STALLION,49.40,49.40
PSFL,15.73,15.73
DCG,15.62,15.62
AWFIS,21.10,21.10
DIFFNKG,30.32,30.04
K2INFRA,4.07,4.07
RBS,17.21,17.21
ASPIRE,6.25,6.25
ESCONET,45.73,45.73
VRAJ,11.44,11.44
MVKAGRO,131.16,131.16
BALAJEE,21.23,21.23
SANSTAR,48.66,48.66
FILATFASH,87.55,87.55
AVPINFRA,3.24,3.24
SATECH,23.30,23.30
AGARWALTUF,14.06,14.06
SILKFLEX,27.45,27.49
KRN,93.68,93.99
UNIECOM,42.67,42.67
GGBL,7.00,7.00
MACOBSTECH,65.81,65.81
TAC,39.94,39.94
BANSALWIRE,34.98,34.39
EMMIL,12.18,12.18
DPEL,58.02,58.02
AQYLON,38.54,204.86
INDOUS,13.63,13.63
VILAS,23.32,23.32
GARUDA,12.23,12.23
MASON,11.82,11.82
TRUST,8.17,8.17
YASHOPTICS,35.92,35.92
MIEL,7.57,7.57
SATIPOLY,4.73,4.73
ALUWIND,12.21,12.21
TBI,6.80,6.80
DHANSA,15.55,15.55
SAHAJSOLAR,6.67,6.67
REFRACTORY,17.70,17.70
PRLIND,7.63,7.61
IEML,6.04,6.04
ABSMARINE,9.76,9.76
BEACON,22.56,22.56
AKUMS,43.02,40.95
GALAPREC,39.36,38.41
ZTECH,16.81,16.81
PICCADIL,42.12,42.13
VERITAAS,4.41,4.41
TOLINS,10.54,10.54
WINSOL,8.53,8.50
ORIENTTECH,,59.29
SLONE,9.84,9.84
GAJANAND,349.67,349.67
QUESTLAB,9.36,9.36
GPECO,12.18,12.18
CEIGALL,20.52,20.42
MANBA,14.15,14.15
SPCL,12.33,12.33
POSITRON,8.59,8.59
KATARIA,27.05,27.05
TRANSRAILL,14.90,14.45
STYLEBAAZA,63.83,239.99
INTERARCH,21.35,20.96
PCCL,43.27,43.27
BULKCORP,16.46,16.46
RNFI,39.80,39.80
CRIZAC,14.12,14.12
PNGJL,19.33,19.22
TUNWAL,11.55,11.55
RAJINDLTD,12.09,12.09
GSMFOILS,5.78,5.78
IPHL,8.23,8.23
PATELRMART,16.36,16.36
SFML,6.50,3.68
TECHERA,95.24,95.24
VLINFRA,4.58,4.58
GREENLEAF,8.77,8.77
SHUBHSHREE,17.21,17.21
ECOSMOBLTY,10.85,10.85
AFCONS,64.43,42.18
ETML,14.20,14.20
AVIANSH,105.62,105.62
VISAMAN,10.10,10.10
TROM,6.94,6.94
NEPHROCARE,42.94,42.94
FORCAS,29.07,29.07
SURAJLTD,42.72,42.72
NAVKARURB,33.39,33.40
JAYBEE,11.10,11.10
JEYYAM,7.00,7.00
SRD,13.54,13.54
PARAMATRIX,24.91,21.53
PREMIERENE,24.57,24.57
NMSTEEL,5.73,5.73
DBEIL,11.06,11.06
NAMOEWASTE,54.85,54.85
DECCANTRAN,5.60,5.60
C2C,15.01,15.01
MFML,,2.31
ENVIRO,11.04,11.04
SIDDHICOTS,6.68,6.68
AESTHETIK,15.90,15.90
RPEL,124.80,124.80
VIESL,13.71,13.71
EFFWA,28.22,28.22
AVANTEL,234.18,234.18
AGIIL,33.16,33.16
UTSSAV,29.16,29.16
VDEAL,12.22,12.22
SUNLITE,20.41,20.41
SSEGL,18.18,18.18
SAJHOTELS,15.97,15.36
PPSL,9.81,9.81
DHARIWAL,21.18,21.18
HPTL,21.08,21.08
BOROSCI,23.53,22.83
THESL,14.75,14.75
EUREKAFORB,38.65,35.53
HVAX,13.60,13.60
PRANIK,6.90,6.90
BAJAJHFL,25.54,25.44
RELTD,50.55,50.55
HYUNDAI,33.66,33.66
OSELDEVICE,23.44,23.44
LAKSHYA,11.95,11.95
SAHASRA,92.78,92.78
SANOFICONR,34.43,34.43
AKIKO,26.47,26.47
AERON,16.50,16.19
PELATRO,23.39,21.57
MAMATA,110.44,
FORGEAUTO,8.94,8.94
XTGLOBAL,26.24,26.24
MYMUDRA,6.20,6.20
SAGILITY,20.48,19.79
ABHAPOWER,17.68,17.68
ACMESOLAR,51.38,52.15
UNILEX,5.24,5.24
BMWVENTLTD,11.13,11.13
BLACKBUCK,64.90,63.60
NIKITA,15.39,15.39
SATKARTAR,16.80,16.80
RAPPID,28.07,28.07
PARAMOUNT,12.38,
VMM,52.95,52.95
SAILIFE,92.93,91.40
RAYMONDLSL,94.33,23.89
PREMIUM,11.93,11.93
BARFLEX,26.89,26.89
DELTIC,7.63,7.63
RAJPUTANA,13.25,13.25
KMEW,55.97,55.97
ORCHASP,58.76,58.76
SURAKSHA,51.53,51.53
OBSCP,118.43,118.43
SETL,95.11,95.11
FRESHARA,26.29,26.29
SENORES,47.59,47.59
OCCLLTD,11.65,11.39
APRAMEYA,35.27,35.27
APEXECO,20.51,20.51
CUDML,6.04,6.04
RUBICON,91.48,91.48
ANYA,25.31,25.31
ROYALARC,16.58,16.58
DIVINEHIRA,56.28,56.28
DANISH,26.24,26.24
PURPLEUTED,31.85,31.85
ARIS,14.42,14.48
IKS,39.73,39.73
SMARTWORKS,209.96,209.96
KALPATARU,55.27,50.94
JSWCEMENT,21.27,20.21
GANESHIN,5.11,5.11
RAPIDFLEET,12.40,12.38
TRUALT,25.94,25.94
UNIMECH,114.23,114.23
AVL,55.30,54.85
FINKURVE,33.06,33.06
IGIL,22.91,22.91
CARRARO,22.41,21.32
ARUNAYA,6.84,6.84
VINCOFE,33.48,33.48
IDENTICAL,14.86,14.86
CLASSICEIL,7.01,7.01
JAINIK,20.88,20.88
INFLUX,20.53,20.53
PRABHA,2909.24,2909.24
DAMCAPITAL,15.45,15.45
GUJTHEM,106.27,106.27
IVALUE,11.57,11.18
SHRIAHIMSA,35.99,35.99
HEXT,22.25,21.11
RVTH,12.69,12.52
VENTIVE,22.19,21.96
ROSSTECH,204.91,199.16
SILKY,3.89,3.89
KPEL,8.21,8.21
PSRAJ,43.92,43.92
KKJEWELS,3.99,3.99
LAXMIDENTL,34.32,23.28
FABTECH,13.17,13.17
EMAPARTNER,14.87,14.87
QPOWER,63.19,63.19
OSWALPUMPS,9.12,9.10
VOLERCAR,70.96,70.96
READYMIX,9.58,9.58
BLUEWATER,24.50,24.50
ELLEN,41.94,41.94
NTPCGREEN,128.28,128.28
NORTHARC,10.72,10.72
THELEELA,41.30,40.75
SUBAHOTELS,12.19,12.19
GLOTTIS,15.85,15.85
MBEL,14.90,14.78
EEPL,13.52,13.52
IGCL,9.55,9.56
HILINFRA,11.90,11.90
CHAMUNDA,13.41,13.41
AGARWALEYE,86.25,86.67
SOLARWORLD,9.74,9.74
GLOBECIVIL,10.20,10.20
PROSTARM,22.48,22.48
KEN,6.52,6.52
CHANDAN,21.37,19.82
SHKSIL,10.41,10.41
VMSTMT,14.15,14.15
NEPTUNE,14.08,14.08
SCODATUBES,21.13,21.13
ALLTIME,37.53,34.34
DEVX,33.50,33.87
MIDWESTLTD,28.76,28.76
BALAJIPHOS,24.90,24.90
VIKRAN,16.40,16.25
JARO,16.67,16.67
CPPLUS,95.66,95.66
SAMBHV,27.54,27.09
AJAXENGG,29.62,29.31
INTEGRITY,11.36,11.36
PUSHPA,10.86,10.48
AHCL,54.47,54.47
BAJAJINDEF,28.98,28.69
DDEVPLSTIK,12.25,12.25
SAWALIYA,16.95,16.95
ELGNZ,8.38,8.22
MPEL,7.26,7.26
VGINFOTECH,10.16,10.16
BRIGHOTEL,28.20,28.20
HDBFS,19.18,19.18
MAYASHEEL,7.12,4.97
JUBLCPL,24.71,24.03
MAXVOLT,20.00,20.00
ITCHOTELS,37.99,35.54
SUPREME,178.21,178.21
BORANA,11.46,11.45
SAATVIKGL,21.67,21.47
AEGISVOPAK,127.85,127.85
BELRISE,47.44,47.10
GCHOTELS,23.74,23.74
DCCL,7.11,7.11
SHEEL,10.91,10.91
PROTEAN,34.14,32.79
AARADHYA,30.78,30.78
VIJAYPD,53.36,53.36
MOSCHIP,145.27,122.83
SAVY,6.90,6.90
LGEINDIA,64.38,64.38
TRAVELFOOD,32.60,32.60
BLUESTONE,222.91,222.91
EBGNG,53.81,53.81
ANONDITA,61.27,61.27
GKENERGY,10.91,10.91
ARSSBL,24.32,21.71
SAFEENTP,18.21,18.21
SACHEEROME,35.32,35.32
LAXMIINDIA,10.96,10.96
TINNARUBR,27.68,27.68
WAAREERTL,16.87,16.87
EFCIL,10.02,10.02
GANESHCP,13.93,13.93
ETL,21.26,21.26
MEIL,15.85,15.85
LOTUSDEV,38.63,38.63
TSC,17.75,17.75
STYL,22.74,22.72
NRVANDANA,15.46,15.46
MEDISTEP,5.11,5.11
SMARTEN,13.77,13.77
ANTHEM,83.28,80.84
REGAAL,15.25,13.97
MONOLITH,115.51,115.51
CURIS,26.90,26.86
IWARE,29.26,29.26
AMCL,19.19,19.19
PATILAUTOM,41.31,41.31
SHANTIGOLD,12.71,12.71
VIGOR,11.50,11.50
CONNPLEX,18.22,18.22
ECOLINE,17.91,17.91
EUROPRATIK,23.99,23.99
ARCIIL,18.26,18.26
EPACKPEB,25.66,25.66
CIFL,31.60,
SHREEJISPG,76.76,76.76
PRIMO,42.67,42.08
SPUNWEB,10.37,10.37
WHITEFORCE,7.27,7.28
FINBUD,18.51,18.51
WEWORK,106.30,101.17
ATLANTAELE,55.50,55.30
SHRINGARMS,17.38,17.38
BHADORA,24.19,24.24
KAYTEX,4.68,4.68
MRIL,10.09,10.09
AAKAAR,14.31,14.31
TAURIAN,32.66,32.66
GML,7.86,7.86
BHARATSE,28.84,28.22
GURUNANAK,6.91,6.91
PARTH,49.85,49.85
OPTIVALUE,39.35,39.35
PACEDIGITK,11.09,11.09
ENRIN,76.32,74.40
MGSL,9.27,9.27
ADVANCE,15.98,15.98
TECHD,29.02,29.02
SNEHAA,5.71,5.71
CURRENT,12.92,12.92
OMFREIGHT,14.90,14.99
JAINREC,26.99,26.92
JYOTIGLOBL,12.98,12.87
JAYESH,10.77,10.77
SHIVASHRIT,14.79,14.79
SATTVAENGG,7.48,7.56
STUDDS,20.96,20.96
FLYSBS,17.79,17.79
BLUSPRING,,109.79
CANHLIFE,106.90,106.90
MUNISH,21.05,21.05
JKIPL,44.25,44.25
BELLACASA,19.86,19.86
CHEMBONDCH,17.12,17.12
RAYMONDREL,14.86,14.86
ACCPL,23.26,23.26
SGFIN,24.78,24.78
SGMART,73.97,73.97
FISCHER,74.85,74.85
GROWW,47.16,47.16
ABLBL,53.52,42.57
RAJOOENG,18.90,18.90
ARFIN,80.94,80.94
MONEYBOXX,260.27,260.27
RNBDENIMS,15.73,15.73
GANGABATH,39.62,39.62
PRIMECAB,26.68,23.72
ORKLAINDIA,25.79,24.84
PINELABS,156.96,151.00
SHETHJI,21.39,21.39
CPEDU,13.26,13.26
TIGERLOGS,14.73,14.73
LENSKART,170.54,169.78
MARKOLINES,14.05,13.99
ADVENTHTL,16.96,12.51
RHETAN,99.84,99.84
GCSL,40.54,40.54
TMCV,38.08,28.78
